question,answer
"What is Norton University?","Norton University (NU) is one of the oldest, largest, and most well-established private universities in Cambodia. It was founded in 1996 and is known for its strong academic programs, particularly in Business, IT, and Law."
"Where is Norton University located?","The main campus is located in Phnom Penh, the capital city of Cambodia. The address is: St. Keo Chenda, Sangkat Chroy Changvar, Khan Chroy Changvar, Phnom Penh."
"Is Norton University accredited?","Yes, Norton University is fully accredited by the Royal Government of Cambodia's Ministry of Education, Youth and Sport (MoEYS). It is recognized as a leading private higher education institution in the country."
"What is the vision of Norton University?","Norton University's vision is to be a premier university in Cambodia and the region, dedicated to providing high-quality education, fostering research, and developing future leaders who can contribute to societal development."
"What is the mission of Norton University?","Its mission is to provide accessible, high-quality education through effective teaching, research, and community service, preparing graduates with the knowledge, skills, and ethical values needed for success in a globalized world."

"What programs does Norton University offer?","NU offers a wide range of programs at the Associate's, Bachelor's, Master's, and Doctoral levels. Key faculties include: Business and Economics, Law, Science and Technology, Arts Humanities and Languages, and Social Sciences."
"Does Norton University teach in English?","Yes, the primary language of instruction for most degree programs, especially at the undergraduate and graduate levels, is English. This prepares students for the international job market."
"Does Norton University offer IT or Computer Science programs?","Yes, the Faculty of Science and Technology offers popular programs like Computer Science, Information Technology, and Software Engineering."
"Does Norton University have a good Law program?","Yes, the Faculty of Law is one of the most renowned and popular faculties at Norton University, known for its rigorous curriculum and experienced lecturers."
"Can I get an MBA at Norton University?","Yes, the Faculty of Business and Economics offers a Master of Business Administration (MBA) program, among other graduate business degrees."

"How can I apply to Norton University?","You can apply directly through the Norton University website or by visiting the Admissions Office on campus. The process typically involves submitting an application form, required documents, and paying an application fee."
"What are the entry requirements for a Bachelor's degree?","Generally, applicants need a high school diploma (or equivalent) and a satisfactory grade. Specific requirements may vary by faculty. It's best to check the official university website for the most accurate details."
"What documents are needed for application?","Commonly required documents include: 1. High School Certificate 2. Transcript of Records 3. Birth Certificate 4. ID Card or Passport Photos 5. Application Form"
"Does Norton University require an entrance exam?","Some faculties may require an entrance exam or an interview as part of the admissions process. Please contact the admissions office for program-specific requirements."
"When is the application deadline?","Norton University typically has intakes for new students at the start of each semester. Specific deadlines can change, so you should check their official academic calendar or contact admissions for the exact dates."

"How much is tuition at Norton University?","Tuition fees vary significantly depending on the faculty and program (e.g., Law may have a different fee structure than IT). It is best to contact the university's finance department directly for the most current and precise fee schedule. As a private university, fees are typically charged per credit."
"Are there scholarships available?","Yes, Norton University offers various scholarships and financial aid options based on academic merit, talent, and financial need. Details on available scholarships and application procedures can be found on their website."
"Can I pay tuition in installments?","Yes, the university generally offers flexible payment plans, allowing students to pay tuition fees on a semester-by-semester or monthly basis. Confirm the specific options with the finance office."

"Does Norton University have a library?","Yes, NU has a modern, well-equipped library with a vast collection of books, journals, and digital resources to support student learning and research."
"Does the university have computer labs?","Yes, there are multiple computer labs with internet access available for students to use for their studies and research."
"Is there student housing or a dormitory?","Norton University does not typically have on-campus dormitories. However, the admissions office can often provide guidance or information on finding accommodation near the campus in Phnom Penh."
"Are there clubs and student activities?","Yes, student life is active with various clubs, associations, and organizations covering academic, cultural, sports, and social interests. There are also regular seminars, workshops, and guest lectures."
"Does Norton University help with job placement?","The university has a Career Center that provides services like career counseling, internship opportunities, resume writing workshops, and job placement assistance to help graduates transition into the workforce."

question,answer
"What is Norton University's website?","The official website is: www.norton-u.com"
"What is Norton University's phone number?","You can contact them at: +855 (0) 23 880 735 / (0) 23 880 734"
"What is Norton University's email?","For general inquiries, you can email: info@norton-u.com"
"Where can I find Norton University on social media?","They are active on Facebook. You can search for 'Norton University' on Facebook to find their official page for updates and news."

"What is Norton University's website?","The official website is: www.norton-u.com"
"What is Norton University's phone number?","You can contact them at: +855 (0) 23 880 735 / (0) 23 880 734"
"What is Norton University's email?","For general inquiries, you can email: info@norton-u.com"
"Where can I find Norton University on social media?","They are active on Facebook. You can search for 'Norton University' on Facebook to find their official page for updates and news."